key_id,Job Number,Bin,ProfessionalCertificate,Filing Status,Job Sign off Date,House Number,Street Name,zip,Community Board,Borough,Longitude,Latitude,Work Type Name,Filing Date,CPE Assigned Date,CPE Action Date,PE Assigned Date,Number of Objections/Fails, Number of Resubmission(Objection),First Objection/QA Fail Date,Latest Objections/QA Fail Date,Latest Resubmit Date,Plan Approved Date,Initial Permit Issued Date,Latest Permit Signed Off Date,Procert QA Supervisior Assigned Date,Procert QA Admin Assigned Date,Job Type,Job Description,NoGoodCheckFlag,NoGoodCheckDate,Latest Permit Expiration Date,EPSG2263_x,EPSG2263_y,Applicant Name,Address,Numbe of Incompletes,Number of Resubmission(Incomplete),Number of Resubmission,LOC Issued Date,Applicant Business Days,DOB Business Days,Total Business Days
X00353822-I1_Construction_Fence,X00353822-I1,2078059,Yes,Approved,,3166,PHILIP AVENUE,10465,210,BRONX,-73.818382263183594,40.830120086669922,Construction Fence,6/19/2020,,,,0,0,,,,6/19/2020,,,6/19/2020,6/19/2020,Alteration,"CONSTRUCTION FENCE",No,,,1034510.7900683278,241764.49607367514,OLABANJI AWOSIKA,"3166 PHILIP AVENUE, BRONX",0,0,0,null,0,0,0
S00360590-I1_Curb_Cut,S00360590-I1,5059222,Yes,Approved,,21,ARDSLEY STREET,10306,503,STATEN ISLAND,-74.132110595703125,40.572200775146484,Curb Cut,6/19/2020,,,,0,0,,,,6/19/2020,,,6/19/2020,6/19/2020,Alteration,"INSTALLATION OF NEW 9' CURB CUT, TO BE COMBINED WITH EXISTING ADJACENT CURB CUT TO TOTAL 18'.",No,,,947548.0575812794,147772.30009867356,JOSEPH MORACE,"21 ARDSLEY STREET, STATEN ISLAND",0,0,0,null,0,0,0
X00353812-I1_Sprinklers,X00353812-I1,2067849,Yes,Prof Cert QA Review,,4045,MONTICELLO AVENUE,10466,212,BRONX,-73.839019775390625,40.892429351806641,Sprinklers,6/19/2020,,,,0,0,,,,,,,6/19/2020,6/19/2020,Alteration,"Provide sprinkler system in conjunction with Alt-1 job number #220712539",No,,,1028757.8638436215,264454.9681502365,SHAHIN BADALY,"4045 MONTICELLO AVENUE, BRONX",0,0,0,null,0,0,0
S00215647-I1_Plumbing,S00215647-I1,5047732,Yes,Prof Cert QA Review,,224,LAMPORT BOULEVARD,10305,502,STATEN ISLAND,-74.076492309570313,40.592971801757813,Plumbing,6/19/2020,,,,0,0,,,,,,,6/19/2020,6/19/2020,Alteration,"Install plumbing fixtures and drywells as per plan.",No,,,963006.1017458393,155321.30387222415,WILLY YUIN,"224 LAMPORT BOULEVARD, STATEN ISLAND",0,0,0,null,0,0,0
X00353749-I1_Plumbing,X00353749-I1,2009185,No,Pending CPE/ACPE Assignment,,1641,UNDERCLIFF AVENUE,10453,205,BRONX,-73.922019958496094,40.849540710449219,Plumbing,6/19/2020,,,,0,0,,,,,,,,,Alteration,"plumbing work in conjunction with NB#220721912",No,,,1005823.8664915386,248797.65395018502,WILLIAM MCSHANE,"1641 UNDERCLIFF AVENUE, BRONX",0,0,0,null,0,0,0
S00355923-I1_Sprinklers,S00355923-I1,5174580,Yes,Pending Prof Cert QA Assignment,,1,ELLIS STREET,10307,503,STATEN ISLAND,-74.242988586425781,40.518398284912109,Sprinklers,6/19/2020,,,,0,0,,,,,,,6/19/2020,,Alteration,"Combination sprinkler and standpipe system in conjunction with new 3 story storage building. No change in use, egress or occupancy.",No,,,916690.4807966393,128236.79654911922,MARTIN MALEK,"1 ELLIS STREET, STATEN ISLAND",0,0,0,null,0,0,0
X00353684-I1_Sprinklers,X00353684-I1,2017287,Yes,Prof Cert QA Review,,208,EAST MOSHOLU PARKWAY SOUTH,10458,207,BRONX,-73.883529663085938,40.873619079589844,Sprinklers,6/19/2020,,,,0,0,,,,,,,6/19/2020,6/19/2020,Alteration,"Provide new sprinkler system in conjunction with NB #220711941.",No,,,1016460.8768126454,257582.14795781215,SHAHIN BADALY,"208 EAST MOSHOLU PARKWAY SOUTH, BRONX",0,0,0,null,0,0,0
S00355923-I1_Standpipe,S00355923-I1,5174580,Yes,Pending Prof Cert QA Assignment,,1,ELLIS STREET,10307,503,STATEN ISLAND,-74.242988586425781,40.518398284912109,Standpipe,6/19/2020,,,,0,0,,,,,,,6/19/2020,,Alteration,"Combination sprinkler and standpipe system in conjunction with new 3 story storage building. No change in use, egress or occupancy.",No,,,916690.4807966393,128236.79654911922,MARTIN MALEK,"1 ELLIS STREET, STATEN ISLAND",0,0,0,null,0,0,0
X00250995-I1_Plumbing,X00250995-I1,2006671,Yes,Pending Prof Cert QA Assignment,,648,MANIDA STREET,10474,202,BRONX,-73.887847900390625,40.813369750976562,Plumbing,6/19/2020,,,,0,0,,,,,,,6/19/2020,,Alteration,"HEREWITH TO FILE PLUMBING SYSTEMS AS PER PLANS. IN CONJUNCTION WITH BIS #220716269.",No,,,1015294.7360074887,235629.51153441335,DOYUN KIM,"648 MANIDA STREET, BRONX",0,0,0,null,0,0,0
S00289445-P1_Plumbing,S00289445-P1,5101685,Yes,Prof Cert QA Review,,29,GRANDVIEW AVENUE,10303,501,STATEN ISLAND,-74.164726257324219,40.639011383056641,Plumbing,6/19/2020,,,,0,0,,,,,,,6/19/2020,6/19/2020,Alteration,"RELOCATION OF WASHER, DRYER, LAUNDRY STANDPIPE FROM SECOND FLOOR TO FIRST FLOOR AT EXISTING ONE FAMILY RESIDENCE.",No,,,938532.8095345007,172128.4402948589,MICHAEL DERUVO,"29 GRANDVIEW AVENUE, STATEN ISLAND",0,0,0,null,0,0,0
X00334562-P1_Plumbing,X00334562-P1,2016510,Yes,Approved,,357,EAST 195 STREET,10458,207,BRONX,-73.889137268066406,40.865039825439453,Plumbing,6/19/2020,,,,0,0,,,,6/19/2020,,,6/19/2020,6/19/2020,Alteration,"REPLACE FIXTURES",No,,,1014914.0020585735,254454.37914388612,ALBERTO ROMAN,"357 EAST 195 STREET, BRONX",0,0,0,null,0,0,0
S00325858-P1_Plumbing,S00325858-P1,5166781,Yes,Prof Cert QA Review,,566,GULF AVENUE,10314,502,STATEN ISLAND,-74.179100036621094,40.615940093994141,Plumbing,6/19/2020,,,,0,0,,,,,,,6/19/2020,6/19/2020,Alteration,"Filing herewith for 650 lf of up to ^  sanitary lines as per plans filed herewith.",No,,,934526.4120279149,163730.80157732024,ROBERT GRAF,"566 GULF AVENUE, STATEN ISLAND",0,0,0,null,0,0,0
X00243622-P1_Mechanical_Systems,X00243622-P1,2092405,Yes,Prof Cert QA Review,,2056,MORRIS AVENUE,10453,205,BRONX,-73.905296325683594,40.853290557861328,Mechanical Systems,6/19/2020,,,,0,0,,,,,,,6/19/2020,6/19/2020,Alteration,"MH WORKTYPE IN CONJUNCTION W #",No,,,1010449.1283686939,250168.42581396256,PETER KLEIN,"2056 MORRIS AVENUE, BRONX",0,0,0,null,0,0,0
S00344738-I1_Antenna,S00344738-I1,5158490,No,Pending Plan Examiner Assignment,,3067,RICHMOND TERRACE,10303,501,STATEN ISLAND,-74.161842346191406,40.638069152832031,Antenna,6/19/2020,6/19/2020,,,0,0,,,,,,,,,Alteration,"AT&T - Replacement of existing antennas with installation/replacement of RRH units on roof.  Retrofit of cabinet in existing equipment room in basement.  All work in compliance with TPPN 5/98.  No change to occupancy, use, or egress.",No,,,939332.5587075552,171783.6689541983,JEREMY MCKEON,"3067 RICHMOND TERRACE, STATEN ISLAND",0,0,0,null,0,0,0
X00240279-P1_Plumbing,X00240279-P1,2092405,Yes,Prof Cert QA Review,,2056,MORRIS AVENUE,10453,205,BRONX,-73.905296325683594,40.853290557861328,Plumbing,6/19/2020,,,,0,0,,,,,,,6/19/2020,6/19/2020,Alteration,"PL WORKTYPE IN CONJUNCTION W #",No,,,1010449.1283686939,250168.42581396256,PETER KLEIN,"2056 MORRIS AVENUE, BRONX",0,0,0,null,0,0,0
S00321101-P1_Plumbing,S00321101-P1,5042014,Yes,Prof Cert QA Review,,41,PRICES LANE,10314,502,STATEN ISLAND,-74.188919067382812,40.593940734863281,Plumbing,6/19/2020,,,,0,0,,,,,,,6/19/2020,6/19/2020,Alteration,"PLUMBING WORK FILED IN CONJUNCTION WITH INTERIOR RENOVATION #520377501. NO CHANGE IN USE, EGRESS AND OCCUPANCY.",No,,,931783.0705548536,155721.61259485787,YING JIANG,"41 PRICES LANE, STATEN ISLAND",0,0,0,null,0,0,0
X00358074-I1_Mechanical_Systems,X00358074-I1,2079871,No,Pending CPE/ACPE Assignment,,905,BRUSH AVENUE,10465,210,BRONX,-73.840843200683594,40.826290130615234,Mechanical Systems,6/19/2020,,,,0,0,,,,,,,,,Alteration,"INSTALLATION OF EMERGENCY GAS FIRED GENERATOR ON CONCRETE SLAB IN REAR YARD DRIVEWAY.  NO CHANGE IN USE, EGRESS OR OCCUPANCY.  PLUMBING WORK FOR GAS FILED UNDER DOB NOW APPLICATION #",No,,,1028297.5055242064,240357.0145096107,ANTHONY RINI,"905 BRUSH AVENUE, BRONX",0,0,0,null,0,0,0
B00349486-I1_Plumbing,B00349486-I1,3398156,Yes,Approved,,620,ATLANTIC AVENUE,11217,302,BROOKLYN,-73.975410461425781,40.68267822265625,Plumbing,6/19/2020,,,,0,0,,,,6/19/2020,,,6/19/2020,6/19/2020,Alteration,"(NSWAG) Modification to existing plumbing fixtures in existing retail space as per plans.",No,,,991069.9790454512,187995.46445797203,LOUIS LEE,"620 ATLANTIC AVENUE, BROOKLYN",0,0,0,null,0,0,0
X00357091-I1_Construction_Fence,X00357091-I1,2015842,Yes,Prof Cert QA Review,,3440,CANNON PLACE,10463,208,BRONX,-73.898208618164063,40.880821228027344,Construction Fence,6/19/2020,,,,0,0,,,,,,,6/19/2020,6/19/2020,Alteration,"PROPOSED CONSTRUCTION FENCE. NO CHANGE TO USE, EGRESS OR OCCUPANCY UNDER THIS APPLICATION.",No,,,1012398.237842495,260201.1176903042,CHRISTOPHER SANDERS,"3440 CANNON PLACE, BRONX",0,0,0,null,0,0,0
B00351990-I1_Plumbing,B00351990-I1,3003731,No,Pending CPE/ACPE Assignment,,491,HICKS STREET,11231,306,BROOKLYN,-73.999862670898438,40.685951232910156,Plumbing,6/19/2020,,,,0,0,,,,,,,,,Alteration,"PLUMBING WORK IN CONJUNCTION WITH THE RENOVATION OF APT 205 ON SECOND FLOOR",No,,,984288.0867512274,189186.95988236662,MATTHIAS MUELLER,"491 HICKS STREET, BROOKLYN",0,0,0,null,0,0,0
X00351213-I1_Plumbing,X00351213-I1,2021946,Yes,Approved,,2219,CINCINNATUS AVENUE,10473,209,BRONX,-73.84747314453125,40.820728302001953,Plumbing,6/19/2020,,,,0,0,,,,6/19/2020,,,6/19/2020,6/19/2020,Alteration,"",No,,,1026466.1629635227,238327.37683594774,JOHN TACETTA,"2219 CINCINNATUS AVENUE, BRONX",0,0,0,null,0,0,0
B00356529-I1_Sprinklers,B00356529-I1,3048528,No,Pending CPE/ACPE Assignment,,96,TOMPKINS AVENUE,11206,303,BROOKLYN,-73.946731567382813,40.696071624755859,Sprinklers,6/19/2020,,,,0,0,,,,,,,,,Alteration,"Sprinkler specifications and work types filed in conjunction with NB job number: 322068034",No,,,999021.1845211986,192878.60659823002,ALEXANDER POLATSEK,"96 TOMPKINS AVENUE, BROOKLYN",0,0,0,null,0,0,0
X00239360-P1_Plumbing,X00239360-P1,2079226,Yes,Prof Cert QA Review,,3274,GIEGERICH PLACE,10465,210,BRONX,-73.800483703613281,40.815780639648438,Plumbing,6/19/2020,,,,0,0,,,,,,,6/19/2020,6/19/2020,Alteration,"E",No,,,1039475.9184990661,236550.90393648544,YAN GAO,"3274 GIEGERICH PLACE, BRONX",0,0,0,null,0,0,0
B00358849-I1_Sidewalk_Shed,B00358849-I1,3167717,Yes,Permit Entire,,149,BAY 17 STREET,11214,311,BROOKLYN,-74.006370544433594,40.604511260986328,Sidewalk Shed,6/19/2020,,,,0,0,,,,6/19/2020,6/19/2020,,6/19/2020,6/19/2020,Alteration,"PROPOSED INSTALLATION OF HEAVY DUTY SIDEWALK SHED AS PER PLANS. LIVE LOAD 300 LBS PER SQUARE FEET. SIDEWALK SHED SHALL COMPLY WITH CHAPTER #33 OF THE NYC BUILDING CODE. NO CHANGE IN USE, OCCUPANCY, OR EGRESS UNDER THIS APPLICATION.",No,,12/19/2020,982481.0401089181,159516.21292413192,SUNIL SAIGAL,"149 BAY 17 STREET, BROOKLYN",0,0,0,null,0,0,0
X00348847-I1_Plumbing,X00348847-I1,2013283,No,Objections,,1077,EAST 179 STREET,10460,206,BRONX,-73.877777099609375,40.841999053955078,Plumbing,6/19/2020,6/19/2020,6/19/2020,6/19/2020,1,0,6/19/2020,6/19/2020,,,,,,,Alteration,"Plumbing work as per plans filed. Filed in conjunction with NB #210181426.",No,,,1018067.8710780463,246063.93404721346,MATTHEW WAVRO,"1077 EAST 179 STREET, BRONX",1,1,1,null,0,0,0
B00360399-I1_Construction_Fence,B00360399-I1,3188628,No,Pending CPE/ACPE Assignment,,3842,NEPTUNE AVENUE,11224,313,BROOKLYN,-74.007179260253906,40.576229095458984,Construction Fence,6/19/2020,,,,0,0,,,,,,,,,Alteration,"installation of fence. job is in conjunction with alt2 application #340737082",No,,,982255.6330526512,149212.32235816197,ALIX MICHEL,"3842 NEPTUNE AVENUE, BROOKLYN",0,0,0,null,0,0,0
X00355747-I1_Construction_Fence,X00355747-I1,2097053,Yes,Prof Cert QA Review,,310,GRAND CONCOURSE,10451,201,BRONX,-73.928642272949219,40.814441680908203,Construction Fence,6/19/2020,,,,0,0,,,,,,,6/19/2020,6/19/2020,Alteration,"Installation of temporary construction  fence per plan submitted. Work shall comply with 2014 building codes chapter 33. No change in use, egress and/or occupancy with this application",No,,,1004002.1623420311,236008.2256027572,KAROL ZDANCEWICZ,"310 GRAND CONCOURSE, BRONX",0,0,0,null,0,0,0
B00360336-I1_Sidewalk_Shed,B00360336-I1,3068278,Yes,Pending Prof Cert QA Assignment,,124,WITHERS STREET,11211,301,BROOKLYN,-73.947006225585938,40.716930389404297,Sidewalk Shed,6/19/2020,,,,0,0,,,,,,,6/19/2020,,Alteration,"INSTALLATION OF SIDEWALK SHED AS SHOWN ON DRAWINGS. NO CHANGE IN USE EGRESS OR OCCUPANCY. WE SHALL COMPLY WITH CHAPTER 33 OF 2014 B.C",No,,,998940.4251330025,200478.0337257564,SOUFIANE NEZILI,"124 WITHERS STREET, BROOKLYN",0,0,0,null,0,0,0
X00355568-I1_Structural,X00355568-I1,2013601,No,Pending Plan Examiner Assignment,,226,EAST FORDHAM ROAD,10458,205,BRONX,-73.896377563476563,40.861961364746094,Structural,6/19/2020,6/19/2020,,,0,0,,,,,,,,,Alteration,"STRUCTURAL MODIFICATIONS OF STOREFRONT FOR EXISTING RETAIL STORE ON FIRST FLOOR AS SHOWN ON PLANS FILED HEREWITH. NO CHANGE TO USE, EGRESS OR OCCUPANCY.",No,,,1012912.7052235812,253330.32531290638,HARRY HONG,"226 EAST FORDHAM ROAD, BRONX",0,0,0,null,0,0,0
B00358766-I1_Construction_Fence,B00358766-I1,3131161,Yes,Approved,,1678,57 STREET,11204,312,BROOKLYN,-73.988349914550781,40.625171661376953,Construction Fence,6/19/2020,,,,0,0,,,,6/19/2020,,,6/19/2020,6/19/2020,Alteration,"ERECTION OF CONSTRUCTION FENCE AT PROPERTY LINE",No,,,987483.9710756221,167043.4880297069,ALBERTO ROMAN,"1678 57 STREET, BROOKLYN",0,0,0,null,0,0,0
X00333662-I1_Plumbing,X00333662-I1,1064652,No,Plan Examiner Review,,34,FORT CHARLES PLACE,10463,208,MANHATTAN,-73.910346984863281,40.875869750976562,Plumbing,6/19/2020,6/19/2020,6/19/2020,6/19/2020,0,0,,,,,,,,,Alteration,"interior renovation of a 1 family house being converted to a 2 family dwelling. plumbing work filed in related to the renovation.",No,,,1009043.4787654876,258393.4303512462,SAHARAT SURATTANONT,"34 FORT CHARLES PLACE, MANHATTAN",0,0,0,null,0,0,0
B00354257-I1_Sign,B00354257-I1,3065661,Yes,Pending Prof Cert QA Assignment,,750,MANHATTAN AVENUE,11222,301,BROOKLYN,-73.95208740234375,40.726600646972656,Sign,6/19/2020,,,,0,0,,,,,,,6/19/2020,,Alteration,"Erect illuminated non advertising D/F sign on wall. No change of use, egress or occupancy",No,,,997529.9432141857,204000.39442983348,RICHARD WAINER,"750 MANHATTAN AVENUE, BROOKLYN",0,0,0,null,0,0,0
X00322683-I1_Plumbing,X00322683-I1,2001376,Yes,Pending Prof Cert QA Assignment,,669,ELTON AVENUE,10455,201,BRONX,-73.915061950683594,40.818641662597656,Plumbing,6/19/2020,,,,0,0,,,,,,,6/19/2020,,Alteration,"Installation of (2) sub meter for existing water service. no change in use, egress or occupancy",No,,,1007759.7760809934,237541.78274802706,KYU MYEON LEE,"669 ELTON AVENUE, BRONX",0,0,0,null,0,0,0
B00354262-I1_Sign,B00354262-I1,3065661,Yes,Pending Prof Cert QA Assignment,,750,MANHATTAN AVENUE,11222,301,BROOKLYN,-73.95208740234375,40.726600646972656,Sign,6/19/2020,,,,0,0,,,,,,,6/19/2020,,Alteration,"Erect illuminated hanging sign in window- IBL No change of use, egress or occupancy",No,,,997529.9432141857,204000.39442983348,RICHARD WAINER,"750 MANHATTAN AVENUE, BROOKLYN",0,0,0,null,0,0,0
X00322477-P2_Structural,X00322477-P2,2130451,No,Pending CPE/ACPE Assignment,,1362,ARNOW AVENUE,10469,211,BRONX,-73.846519470214844,40.867271423339844,Structural,6/19/2020,,,,0,0,,,,,,,,,Alteration,"PROPOSED 3 STORY 11 FAMILY DWELLING",No,,,1026700.4079563975,255285.2222748662,GINO LONGO,"1362 ARNOW AVENUE, BRONX",0,0,0,null,0,0,0
B00298838-I1_Plumbing,B00298838-I1,3132091,No,Pending CPE/ACPE Assignment,,1702,60 STREET,11204,312,BROOKLYN,-73.989471435546875,40.623001098632812,Plumbing,6/19/2020,,,,0,0,,,,,,,,,Alteration,"install new gas piping from cellar to roof top HVAC units.",No,,,987172.7408151305,166252.6550746917,ONEIL GAYLE,"1702 60 STREET, BROOKLYN",0,0,0,null,0,0,0
X00348663-I1_Plumbing,X00348663-I1,2002762,Yes,Approved,,1161,SHERMAN AVENUE,10456,204,BRONX,-73.916801452636719,40.832778930664063,Plumbing,6/19/2020,,,,0,0,,,,6/19/2020,,,6/19/2020,6/19/2020,Alteration,"INSTALL NEW GAS SERVICE, METER AND PIPING AND CONNECT TO REPLACEMENT GAS/OIL BURNER.",No,,,1007273.412043073,242692.0409851684,LOUIS ARENA,"1161 SHERMAN AVENUE, BRONX",0,0,0,null,0,0,0
B00357154-I1_Construction_Fence,B00357154-I1,3321461,Yes,Pending Prof Cert QA Assignment,,142,HURON STREET,11222,301,BROOKLYN,-73.955741882324219,40.732700347900391,Construction Fence,6/19/2020,,,,0,0,,,,,,,6/19/2020,,Alteration,"Construction fence for demolition of 3 buildings, 146 Huron Street, 142 Huron Street, and 142Rear Huron Street.",No,,,996515.9076247847,206222.17244693454,JOHN SENISI,"142 HURON STREET, BROOKLYN",0,0,0,null,0,0,0
X00288224-P1_Sprinklers,X00288224-P1,2003421,Yes,Prof Cert QA Review,,1033,SUMMIT AVENUE,10452,204,BRONX,-73.929901123046875,40.834220886230469,Sprinklers,6/19/2020,,,,0,0,,,,,,,6/19/2020,6/19/2020,Alteration,"RENOVATION WITH SPRINKLER CONSTRUCTION WORKS FOR A1 JOB FILED UNDER DOB # 220720717",No,,,1003647.9398880228,243214.22656464952,CHI WAI CHUNG,"1033 SUMMIT AVENUE, BRONX",0,0,0,null,0,0,0
B00346991-P1_Plumbing,B00346991-P1,3045689,Yes,Prof Cert QA Review,,562,JEFFERSON AVENUE,11221,303,BROOKLYN,-73.935768127441406,40.684688568115234,Plumbing,6/19/2020,,,,0,0,,,,,,,6/19/2020,6/19/2020,Alteration,"INSTALLATION OF NEW PLUMBING FIXTURES AS PER PLANS",No,,,1002064.35564409,188733.465679195,ALBERTO ROMAN,"562 JEFFERSON AVENUE, BROOKLYN",0,0,0,null,0,0,0
X00354429-S1_Boiler_Equipment,X00354429-S1,2008007,Yes,Permit Entire,,1506,WALTON AVENUE,10452,204,BRONX,-73.914077758789063,40.841709136962891,Boiler Equipment,6/19/2020,,,,0,0,,,,6/19/2020,6/19/2020,,6/19/2020,6/19/2020,Alteration,"REPLACE BOILER AND REINSTALL EXISTING BURNER.  CHANGE GRADE OF FUEL OIL FROM #4 TO #2.",No,,10/17/2020,1008023.944218676,245946.37334717152,LOUIS ARENA,"1506 WALTON AVENUE, BRONX",0,0,0,null,0,0,0
B00357514-I1_Construction_Fence,B00357514-I1,3424850,No,Pending CPE/ACPE Assignment,,825,DEKALB AVENUE,11221,303,BROOKLYN,-73.943290710449219,40.692531585693359,Construction Fence,6/19/2020,,,,0,0,,,,,,,,,Alteration,"Fence filed in conjunction with NB permit # 321193846",No,,,999976.1591722996,191589.46525438718,ROBERT BIANCHINI,"825 DEKALB AVENUE, BROOKLYN",0,0,0,null,0,0,0
X00305247-I1_Structural,X00305247-I1,2130373,No,Pending CPE/ACPE Assignment,,869,CONCOURSE VILLAGE WEST,10451,204,BRONX,-73.921623229980469,40.826221466064453,Structural,6/19/2020,,,,0,0,,,,,,,,,Alteration,"STRUCTURAL WORK FILED IN CONJUNCTION WITH NB #210180481. SOE AND FOUNDATION FILED WITH NB AS SUBSEQUENT DOCUMENT.",No,,,1005941.2266806818,240301.6861963514,JIEMING WANG,"869 CONCOURSE VILLAGE WEST, BRONX",0,0,0,null,0,0,0
B00357950-I1_Sidewalk_Shed,B00357950-I1,3014613,Yes,Prof Cert QA Review,,5424,5 AVENUE,11220,307,BROOKLYN,-74.013359069824219,40.642520904541016,Sidewalk Shed,6/19/2020,,,,0,0,,,,,,,6/19/2020,6/19/2020,Alteration,"INSTALLATION OF HEAVYDUTY SIDEWALK SHED AS PER PLANS.   NO CHANGE IN USE OCCUPANCY OR EGRESS UNDER THIS APPLICATION.  SIDEWALK SHED SHALL COMPLY WITH CHAPTER 33 OF THE 2014 NY BUILDING CODE.",No,,,980542.5924125712,173364.35149315998,ERIC FOSTER,"5424 5 AVENUE, BROOKLYN",0,0,0,null,0,0,0
M00220654-P1_Plumbing,M00220654-P1,1042396,Yes,Prof Cert QA Review,,843,LEXINGTON AVENUE,10065,108,MANHATTAN,-73.965560913085937,40.765388488769531,Plumbing,6/19/2020,,,,0,0,,,,,,,6/19/2020,6/19/2020,Alteration,"INSTALL NEW GAS PIPING AND GAS METER FOR REPLACEMENT BOILER AND GAS BURNER. NO CHANGE IN USE, EGRESS OR OCCUPANCY.",No,,,993789.9321783262,218130.29040701914,JOSEPH BAZINI,"843 LEXINGTON AVENUE, MANHATTAN",0,0,0,null,0,0,0
B00357983-I1_Mechanical_Systems,B00357983-I1,3180645,No,Pending CPE/ACPE Assignment,,1268,EAST 14 STREET,11230,314,BROOKLYN,-73.961563110351562,40.618511199951172,Mechanical Systems,6/19/2020,,,,0,0,,,,,,,,,Alteration,"PROPOSED GENERATOR ON ROOF",No,,,994920.8393561591,164619.0320180161,JEFFREY GEARY,"1268 EAST 14 STREET, BROOKLYN",0,0,0,null,0,0,0
M00261840-I1_Plumbing,M00261840-I1,1076166,No,Pending CPE/ACPE Assignment,,330,EAST 38 STREET,10016,106,MANHATTAN,-73.97271728515625,40.746330261230469,Plumbing,6/19/2020,,,,0,0,,,,,,,,,Alteration,"COMBINATION OF UNITS 36 A AND 36 Q. RE ARRANGEMENT OF KITCHEN, AND LAUNDRY AREAS. REPLACEMENT OF PLUMBING FIXTURES AND INSTALLATION OF NEW.",No,,,991809.7163947908,211186.06019196956,JULIAN SAAVEDRA,"330 EAST 38 STREET, MANHATTAN",0,0,0,null,0,0,0
B00357984-I1_Mechanical_Systems,B00357984-I1,3090699,Yes,Approved,,680,HENDRIX STREET,11207,305,BROOKLYN,-73.887649536132812,40.664848327636719,Mechanical Systems,6/19/2020,,,,0,0,,,,6/19/2020,,,6/19/2020,6/19/2020,Alteration,"REPLACE EXIST'G (2) AIR HANDLER & (2) AIR CONDENSER OF 2-FAMILY HOUSE.NO CHANGE IN USE, EGRESS OR OCCUPANCY UNDER THIS APPLICATION.",No,,,1015419.046797368,181518.55579482391,XIU CHEN,"680 HENDRIX STREET, BROOKLYN",0,0,0,null,0,0,0
M00291157-P1_Plumbing,M00291157-P1,1047955,No,Pending CPE/ACPE Assignment,,120,EAST 87 STREET,10128,108,MANHATTAN,-73.955711364746094,40.780071258544922,Plumbing,6/19/2020,,,,0,0,,,,,,,,,Alteration,"Installation of plumbing fixtures as per plans filed herewith.",No,,,996515.6394844613,223480.9397081952,MARC ACKERSON,"120 EAST 87 STREET, MANHATTAN",0,0,0,null,0,0,0
B00358024-I1_Plumbing,B00358024-I1,3258578,No,Pending CPE/ACPE Assignment,,67,VAN DAM STREET,11222,301,BROOKLYN,-73.937423706054687,40.727069854736328,Plumbing,6/19/2020,,,,0,0,,,,,,,,,Alteration,"Removal of existing shower and converting bathrooms to ADA compliance Bathrooms",No,,,1001594.1597940631,204173.90456926698,WINSTON GARCIA,"67 VAN DAM STREET, BROOKLYN",0,0,0,null,0,0,0
M00263034-P2_Plumbing,M00263034-P2,1030930,No,Pending CPE/ACPE Assignment,,315,WEST 70 STREET,10023,107,MANHATTAN,-73.986053466796875,40.779010772705078,Plumbing,6/19/2020,,,,0,0,,,,,,,,,Alteration,"FILING APPLICATION FOR PLUMBING WORK IN APARTMENT 16L ON THE 16TH FLOOR. NO CHANGE IN USE, EGRESS OR OCCUPANCY.",No,,,988112.5231579759,223091.7756277879,ANN MACKLIN,"315 WEST 70 STREET, MANHATTAN",0,0,0,null,0,0,0
B00360319-I1_Construction_Fence,B00360319-I1,3242931,Yes,Approved,,430,MAYFAIR DRIVE SOUTH,11234,318,BROOKLYN,-73.907058715820313,40.607681274414063,Construction Fence,6/19/2020,,,,0,0,,,,6/19/2020,,,6/19/2020,6/19/2020,Alteration,"TEMPORARY FENCE",No,,,1010056.5175811086,160684.75684841155,ROBERT PALERMO,"430 MAYFAIR DRIVE SOUTH, BROOKLYN",0,0,0,null,0,0,0
M00266865-P1_Structural,M00266865-P1,1008984,No,Pending CPE/ACPE Assignment,,117,EAST 11 STREET,10003,103,MANHATTAN,-73.989410400390625,40.7318115234375,Structural,6/19/2020,,,,0,0,,,,,,,,,Alteration,"SCOPE OF WORK WILL INCLUDE INSTALLATION OF STRUCTURAL POSTS AT EXTERIOR RETAINING WALL AS INDICATED ON PLANS. NO CHANGE IN USE, OCCUPANCY OR EGRESS.",No,,,987184.8918392488,205895.42462182028,FEI ZENG,"117 EAST 11 STREET, MANHATTAN",0,0,0,null,0,0,0
B00353536-I1_Sidewalk_Shed,B00353536-I1,3398749,Yes,Permit Entire,,431,HICKS STREET,11201,306,BROOKLYN,-73.998916625976563,40.688079833984375,Sidewalk Shed,6/19/2020,,,,0,0,,,,6/19/2020,6/19/2020,,6/19/2020,6/19/2020,Alteration,"INSTALLATION OF TEMPORARY HEAVY DUTY SIDEWALK SHED AS PER PLANS. NO CHANGE IN USE, EGRESS OR OCCUPANCY.SIDEWALK SHED SHALL COMPLY WITH CHAPTER #33 OF THE NYC BUILDING CODE.LIVE LOAD 300PSF.",No,,4/1/2021,984550.4525572791,189962.4731127643,BRIAN O'CONNOR,"431 HICKS STREET, BROOKLYN",0,0,0,null,0,0,0
M00265263-P2_Plumbing,M00265263-P2,1010082,Yes,Pending Prof Cert QA Assignment,,7,CARMINE STREET,10014,102,MANHATTAN,-74.002189636230469,40.730659484863281,Plumbing,6/19/2020,,,,0,0,,,,,,,6/19/2020,,Alteration,"INSTALLATION OF PLUMBING FIXTURES",No,,,983643.1350704046,205475.53115013003,SOKWON IM,"7 CARMINE STREET, MANHATTAN",0,0,0,null,0,0,0
B00359905-I1_Sidewalk_Shed,B00359905-I1,3398224,Yes,Permit Entire,,21,LEFFERTS PLACE,11238,302,BROOKLYN,-73.962539672851562,40.681900024414063,Sidewalk Shed,6/19/2020,,,,0,0,,,,6/19/2020,6/19/2020,,6/19/2020,6/19/2020,Alteration,"INSTALLATION OF HEAVYDUTY SIDEWALK SHED AS PER PLANS.  NO CHANGE IN USE OCCUPANCY OR EGRESS UNDER THIS APPLICATION.  SIDEWALK SHED SHALL COMPLY WITH CHAPTER 33 OF THE 2014 NYC BUILDING CODE.",No,,9/22/2020,994639.85023458,187713.20867570152,ERIC FOSTER,"21 LEFFERTS PLACE, BROOKLYN",0,0,0,null,0,0,0
M00269715-P1_Plumbing,M00269715-P1,1018507,Yes,Approved,,150,EAST 34 STREET,10016,106,MANHATTAN,-73.979286193847656,40.745891571044922,Plumbing,6/19/2020,,,,0,0,,,,6/19/2020,,,6/19/2020,6/19/2020,Alteration,"INSTALL NEW GAS SERVICE, METER AND BOOSTER PUMP FOR (2) REPLACEMENT GAS/OIL BURNERS ON (2) EXISTING LOW PRESSURE BOILERS. NO CHANGE IN USE, EGRESS OR OCCUPANCY.",No,,,989989.5876130734,211025.73266302462,JOSEPH BAZINI,"150 EAST 34 STREET, MANHATTAN",0,0,0,null,0,0,0
B00333123-I1_Standpipe,B00333123-I1,3087808,Yes,Approved,,2815,ATLANTIC AVENUE,11207,305,BROOKLYN,-73.890228271484375,40.676910400390625,Standpipe,6/19/2020,,,,0,0,,,,6/19/2020,,,6/19/2020,6/19/2020,Alteration,"TEMPORARY STANDPIPE SYSTEM FILED IN CONJUNCTION WITH NB #321939676",No,,,1014698.1294872503,185912.20127994177,ALEXANDER POLATSEK,"2815 ATLANTIC AVENUE, BROOKLYN",0,0,0,null,0,0,0
M00337748-I1_Mechanical_Systems,M00337748-I1,1087550,Yes,Permit Entire,,603,WEST 148 STREET,10031,109,MANHATTAN,-73.949501037597656,40.828788757324219,Mechanical Systems,6/19/2020,,,,0,0,,,,6/19/2020,6/19/2020,,6/19/2020,6/19/2020,Alteration,"REPLACE (2) HEATING CIRCULATION PUMPS.",No,,8/10/2020,998225.3432439681,241231.36868031955,LOUIS ARENA,"603 WEST 148 STREET, MANHATTAN",0,0,0,null,0,0,0
B00355407-I1_Sidewalk_Shed,B00355407-I1,3063433,No,Plan Examiner Review,,109,SOUTH 5 STREET,11249,301,BROOKLYN,-73.963912963867188,40.711700439453125,Sidewalk Shed,6/19/2020,6/19/2020,6/19/2020,6/19/2020,0,0,,,,,,,,,Alteration,"INSTALLATION OF TEMPORARY SIDEWALK SHED AS PER PLANS. NO CHANGE IN USE, EGRESS OR OCCUPANCY.",No,,,994254.486836022,198570.22097638692,PAUL PERDEK,"109 SOUTH 5 STREET, BROOKLYN",0,0,0,null,0,0,0
M00303478-I1_Plumbing,M00303478-I1,1041368,No,Plan Examiner Review,,30,EAST 72 STREET,10021,108,MANHATTAN,-73.965217590332031,40.771381378173828,Plumbing,6/19/2020,6/19/2020,6/19/2020,6/19/2020,0,0,,,,,,,,,Alteration,"plumbing modifications in conjunction with apartment 14b renovation  on the 14th floor. no change in use, egress or occupancy.",No,,,993884.1686473229,220313.73635258406,JACK GREEN,"30 EAST 72 STREET, MANHATTAN",0,0,0,null,0,0,0
B00359438-I1_Plumbing,B00359438-I1,3406777,No,Pending Plan Examiner Assignment,,96,SANFORD STREET,11205,303,BROOKLYN,-73.954109191894531,40.696121215820313,Plumbing,6/19/2020,6/19/2020,,,0,0,,,,,,,,,Alteration,"Plumbing specifications and work types filed in conjunction with NB job number: 320728593",No,,,996975.381011209,192895.5161763943,JERRY PITERA  PE,"96 SANFORD STREET, BROOKLYN",0,0,0,null,0,0,0
M00334082-I1_Construction_Fence,M00334082-I1,1083941,Yes,Pending Prof Cert QA Assignment,,400,EAST 105 STREET,10029,111,MANHATTAN,-73.9400634765625,40.787528991699219,Construction Fence,6/19/2020,,,,0,0,,,,,,,6/19/2020,,Alteration,"INSTALLATION OF TEMPORARY CONSTRUCTION FENCE AT 400 EAST 105 STREET, MANHATTAN AS INDICATED ON PLANS. THERE WILL BE NO CHANGE IN THE USE, EGRESS, OR OCCUPANCY UNDER THIS APPLICATION.",No,,,1000847.427765228,226200.62329477796,MAHFUZAR RAHMAN,"400 EAST 105 STREET, MANHATTAN",0,0,0,null,0,0,0
B00355584-I1_Boiler_Equipment,B00355584-I1,3000484,Yes,Approved,,180,LIVINGSTON STREET,11201,302,BROOKLYN,-73.98699951171875,40.689731597900391,Boiler Equipment,6/19/2020,,,,0,0,,,,6/19/2020,,,6/19/2020,6/19/2020,Alteration,"",No,,,987855.341361887,190564.52466444668,ARI KAMO,"180 LIVINGSTON STREET, BROOKLYN",0,0,0,null,0,0,0
M00311635-I1_Mechanical_Systems,M00311635-I1,1056982,Yes,Approved,,520,WEST 112 STREET,10025,109,MANHATTAN,-73.964241027832031,40.804561614990234,Mechanical Systems,6/19/2020,,,,0,0,,,,6/19/2020,,,6/19/2020,6/19/2020,Alteration,"INSTALL ONE (1) TON SPLIT AC SYSTEM",No,,,994149.725902731,232402.54209681426,LOUIS ARENA,"520 WEST 112 STREET, MANHATTAN",0,0,0,null,0,0,0
B00359566-I1_Sidewalk_Shed,B00359566-I1,3155936,Yes,Permit Entire,,202,MARINE AVENUE,11209,310,BROOKLYN,-74.035118103027344,40.615180969238281,Sidewalk Shed,6/19/2020,,,,0,0,,,,6/19/2020,6/19/2020,,6/19/2020,6/19/2020,Alteration,"ALTERATION TYPE 3 - CONSTRUCTION EQUIPMENT - SIDEWALK-SHED INSTALLATION OF TEMPORARY SIDEWALK SHED AS PER PLANS. NO CHANGE IN USE, EGRESS OR OCCUPANCY. SIDEWALK SHED SHALL COMPLY WITH CHAPTER #33 OF THE NYC BUILDING CODE.",No,,9/12/2020,974500.0348616573,163405.35486704466,RAFI HAMID,"202 MARINE AVENUE, BROOKLYN",0,0,0,null,0,0,0
M00340848-I1_Mechanical_Systems,M00340848-I1,1018159,Yes,Prof Cert QA Review,,381,PARK AVENUE SOUTH,10016,105,MANHATTAN,-73.984207153320313,40.742359161376953,Mechanical Systems,6/19/2020,,,,0,0,,,,,,,6/19/2020,6/19/2020,Alteration,"Mechanical work on the 8th floor (Suite 809) as indicated on drawings",No,,,988626.2712185739,209738.47899130307,JACK GREEN,"381 PARK AVENUE SOUTH, MANHATTAN",0,0,0,null,0,0,0
B00360125-I1_Sidewalk_Shed,B00360125-I1,3426529,Yes,Permit Entire,,87,GERRY STREET,11206,301,BROOKLYN,-73.947303771972656,40.701858520507813,Sidewalk Shed,6/19/2020,,,,0,0,,,,6/19/2020,6/19/2020,,6/19/2020,6/19/2020,Alteration,"INSTALLATION OF SIDEWALK SHED AS PER PLANS. SIDEWALK SHED LIVE LOAD WILL BE 300 PSF SHALL COMPLY WITH CHAPTER #33 OF THE 2014 CODE, NO CHANGE TO USE, EGRESS OR OCCUPANCY.",No,,12/22/2020,998861.2455172723,194986.84818775256,ASIF JAMIL,"87 GERRY STREET, BROOKLYN",0,0,0,null,0,0,0
M00340849-I1_Plumbing,M00340849-I1,1018159,Yes,Approved,,381,PARK AVENUE SOUTH,10016,105,MANHATTAN,-73.984207153320313,40.742359161376953,Plumbing,6/19/2020,,,,0,0,,,,6/19/2020,,,6/19/2020,6/19/2020,Alteration,"Plumbing work on the 8th floor (Suite 809) as indicated on drawings.",No,,,988626.2712185739,209738.47899130307,JACK GREEN,"381 PARK AVENUE SOUTH, MANHATTAN",0,0,0,null,0,0,0
B00359517-I1_Sidewalk_Shed,B00359517-I1,3031186,Yes,Permit Entire,,115,ROGERS AVENUE,11216,308,BROOKLYN,-73.95263671875,40.673671722412109,Sidewalk Shed,6/19/2020,,,,0,0,,,,6/19/2020,6/19/2020,,6/19/2020,6/19/2020,Alteration,"ALTERATION TYPE 3 - CONSTRUCTION EQUIPMENT - SIDEWALK-SHED INSTALLATION OF TEMPORARY SIDEWALK SHED AS PER PLANS. NO CHANGE IN USE, EGRESS OR OCCUPANCY. SIDEWALK SHED SHALL COMPLY WITH CHAPTER #33 OF THE NYC BUILDING CODE.",No,,12/7/2020,997388.1156164092,184716.73214601315,RAFI HAMID,"115 ROGERS AVENUE, BROOKLYN",0,0,0,null,0,0,0
M00337785-I1_Mechanical_Systems,M00337785-I1,1090536,Yes,Permit Entire,,608,WEST 149 STREET,10031,109,MANHATTAN,-73.94940185546875,40.829071044921875,Mechanical Systems,6/19/2020,,,,0,0,,,,6/19/2020,6/19/2020,,6/19/2020,6/19/2020,Alteration,"REPLACE (4) HEATING CIRCULATION PUMPS",No,,8/10/2020,998252.7320075147,241334.23223005302,LOUIS ARENA,"608 WEST 149 STREET, MANHATTAN",0,0,0,null,0,0,0
B00359418-I1_Construction_Fence,B00359418-I1,3097049,Yes,Prof Cert QA Review,,670,ELTON STREET,11208,305,BROOKLYN,-73.881576538085938,40.666240692138672,Construction Fence,6/19/2020,,,,0,0,,,,,,,6/19/2020,6/19/2020,Alteration,"FILING CONSTRUCTION PLYWOOD FENCE OUTSIDE OF PROPERTY LINE BUT WITHIN THREE FEET OF PROPERTY LINE.",No,,,1017103.1733447838,182028.05228717168,JORGE CHERRES,"670 ELTON STREET, BROOKLYN",0,0,0,null,0,0,0
M00334320-I1_Place_of_Assembly,M00334320-I1,1000821,No,Pending CPE/ACPE Assignment,,55,BROAD STREET,10004,101,MANHATTAN,-74.01104736328125,40.705280303955078,Place of Assembly,6/19/2020,,,,0,0,,,,,,,,,No Work,"",No,,,981187.0205891228,196229.3045028684,ANTHONY KIIRU,"55 BROAD STREET, MANHATTAN",0,0,0,null,0,0,0
B00359547-I1_Sidewalk_Shed,B00359547-I1,3139887,Yes,Permit Entire,,859,57 STREET,11220,312,BROOKLYN,-74.006111145019531,40.636459350585937,Sidewalk Shed,6/19/2020,,,,0,0,,,,6/19/2020,6/19/2020,,6/19/2020,6/19/2020,Alteration,"ALTERATION TYPE 3 - CONSTRUCTION EQUIPMENT - SIDEWALK-SHED INSTALLATION OF TEMPORARY SIDEWALK SHED AS PER PLANS. NO CHANGE IN USE, EGRESS OR OCCUPANCY. SIDEWALK SHED SHALL COMPLY WITH CHAPTER #33 OF THE NYC BUILDING CODE.",No,,12/7/2020,982553.8816352122,171155.7395004769,RAFI HAMID,"859 57 STREET, BROOKLYN",0,0,0,null,0,0,0
M00340852-I1_Sprinklers,M00340852-I1,1018159,Yes,Approved,,381,PARK AVENUE SOUTH,10016,105,MANHATTAN,-73.984207153320313,40.742359161376953,Sprinklers,6/19/2020,,,,0,0,,,,6/19/2020,,,6/19/2020,6/19/2020,Alteration,"Sprinkler work on the 8th floor (suite 809) as indicated on drawings.",No,,,988626.2712185739,209738.47899130307,JACK GREEN,"381 PARK AVENUE SOUTH, MANHATTAN",0,0,0,null,0,0,0
B00350821-P1_Plumbing,B00350821-P1,3428672,Yes,QA Failed,,5012,20 AVENUE,11204,312,BROOKLYN,-73.977546691894531,40.624900817871094,Plumbing,6/19/2020,,,,1,0,6/19/2020,6/19/2020,6/19/2020,,,,6/19/2020,6/19/2020,Alteration,"PLUMBING WORK-TYPE FILED IN CONJUNCTION TO ALT1 FILING 322006351",No,,,990482.8850174851,166945.39631826422,DAVID SILBERMAN,"5012 20 AVENUE, BROOKLYN",0,0,0,null,0,0,0
M00321649-I1_Plumbing,M00321649-I1,1000855,Yes,Approved,,7,HANOVER SQUARE,10004,101,MANHATTAN,-74.009651184082031,40.704059600830078,Plumbing,6/19/2020,,,,0,0,,,,6/19/2020,,,6/19/2020,6/19/2020,Alteration,"PROPOSE TO REMOVE EXISTING GAS METER AND RISER AND INSTALL NEW GAS METER AND RISER. NO CHANGE TO USE, EGRESS OR OCCUPANCY.",No,,,981574.0746484514,195784.52005173432,BRUCE LILKER,"7 HANOVER SQUARE, MANHATTAN",0,0,0,null,0,0,0
B00359437-I1_Mechanical_Systems,B00359437-I1,3406777,No,Pending Plan Examiner Assignment,,96,SANFORD STREET,11205,303,BROOKLYN,-73.954109191894531,40.696121215820313,Mechanical Systems,6/19/2020,6/19/2020,,,0,0,,,,,,,,,Alteration,"Mechanical specifications and work types filed in conjunction with NB job number: 320728593",No,,,996975.381011209,192895.5161763943,JERRY PITERA  PE,"96 SANFORD STREET, BROOKLYN",0,0,0,null,0,0,0
M00297504-I1_Mechanical_Systems,M00297504-I1,1069344,No,Pending CPE/ACPE Assignment,,305,2 AVENUE,10003,106,MANHATTAN,-73.983673095703125,40.7347412109375,Mechanical Systems,6/19/2020,,,,0,0,,,,,,,,,Alteration,"Filing existing mechanical space, no new install work. No change of use, egress or occupancy filed under application.",No,,,988774.7783720103,206963.04591978324,WILLIAM BROTHERS,"305 2 AVENUE, MANHATTAN",0,0,0,null,0,0,0
B00355879-I1_Curb_Cut,B00355879-I1,3823123,No,Pending CPE/ACPE Assignment,,1365,NOSTRAND AVENUE,11226,317,BROOKLYN,-73.949432373046875,40.653331756591797,Curb Cut,6/19/2020,,,,0,0,,,,,,,,,Alteration,"Curb Cut application filed herewith in conjunction with New Building, Job #321590989.",No,,,998281.2478375566,177306.80895470988,DIEGO AGUILERA,"1365 NOSTRAND AVENUE, BROOKLYN",0,0,0,null,0,0,0
M00331030-I1_Plumbing,M00331030-I1,1003789,No,Pending CPE/ACPE Assignment,,11,ALLEN STREET,10002,103,MANHATTAN,-73.992996215820313,40.714939117431641,Plumbing,6/19/2020,,,,0,0,,,,,,,,,Alteration,"PROPOSE PLUMBING WORK IN CONJUNCTION WITH ARCH. DESIGN.  NO CHANGE IN USE, EGRESS, OR OCCUPANCY.",No,,,986191.5799000751,199748.18659516808,CHI FAI LAU,"11 ALLEN STREET, MANHATTAN",0,0,0,null,0,0,0
B00355909-I1_Supported_Scaffold,B00355909-I1,3129337,Yes,Permit Entire,,1520,50 STREET,11219,312,BROOKLYN,-73.987876892089844,40.631278991699219,Supported Scaffold,6/19/2020,,,,0,0,,,,6/19/2020,6/19/2020,,6/19/2020,6/19/2020,Alteration,"PROPOSED INSTALLATION OF TEMPORARY PIPE SCAFFOLD AS PER PLANS. WORK SHALL COMPLY WITH CHAPTER #33 OF THE NYC BUILDING CODE. NO CHANGE IN USE, OCCUPANCY, OR EGRESS UNDER THIS APPLICATION.",No,,12/19/2020,987614.9704084322,169268.5691421965,SUNIL SAIGAL,"1520 50 STREET, BROOKLYN",0,0,0,null,0,0,0
M00322930-P1_Plumbing,M00322930-P1,1039620,Yes,QA Failed,,340,EAST 51 STREET,10022,106,MANHATTAN,-73.96685791015625,40.754741668701172,Plumbing,6/19/2020,,,,1,0,6/19/2020,6/19/2020,6/19/2020,,,,6/19/2020,6/19/2020,Alteration,"PLUMBING MODIFICATIONS ASSOCIATED WITH APARTMENT RENOVATION",No,,,993432.1201167048,214251.16689183778,PAUL FREITAS,"340 EAST 51 STREET, MANHATTAN",0,0,0,null,0,0,0
B00332693-I1_Sprinklers,B00332693-I1,3198204,No,Pending CPE/ACPE Assignment,,1701,AVENUE U,11229,315,BROOKLYN,-73.954391479492188,40.599311828613281,Sprinklers,6/19/2020,,,,0,0,,,,,,,,,Alteration,"INSTALL NEW SPRINKLER AND STANDPIPE SYSTEM IN NEW BUILDING IN CONJUNCTION WITH alt2 JOB#321971078.  NO CHANGE IN USE, EGRESS OR OCCUPANCY. THE SPRINKLER DESIGN IS BASED ON THE HYDRAULIC CALCULATION.",No,,,996915.4674326836,157625.15904213506,HO YIN LAW,"1701 AVENUE U, BROOKLYN",0,0,0,null,0,0,0
M00322927-P1_Plumbing,M00322927-P1,1039620,Yes,Prof Cert QA Review,,340,EAST 51 STREET,10022,106,MANHATTAN,-73.96685791015625,40.754741668701172,Plumbing,6/19/2020,,,,0,0,,,,,,,6/19/2020,6/19/2020,Alteration,"PLUMBING MODIFICATIONS ASSOCIATED WITH APARTMENT RENOVATION",No,,,993432.1201167048,214251.16689183778,PAUL FREITAS,"340 EAST 51 STREET, MANHATTAN",0,0,0,null,0,0,0
B00359658-I1_Sidewalk_Shed,B00359658-I1,3014859,Yes,Approved,,232,55 STREET,11220,307,BROOKLYN,-74.019233703613281,40.645648956298828,Sidewalk Shed,6/19/2020,,,,0,0,,,,6/19/2020,,,6/19/2020,6/19/2020,Alteration,"ALTERATION TYPE 3 - CONSTRUCTION EQUIPMENT - SIDEWALK-SHED INSTALLATION OF TEMPORARY SIDEWALK SHED AS PER PLANS. NO CHANGE IN USE, EGRESS OR OCCUPANCY. SIDEWALK SHED SHALL COMPLY WITH CHAPTER #33 OF THE NYC BUILDING CODE.",No,,,978912.5149414566,174504.28941516308,RAFI HAMID,"232 55 STREET, BROOKLYN",0,0,0,null,0,0,0
M00320788-I1_Mechanical_Systems,M00320788-I1,1015578,Yes,QA Failed,,61,WEST 23 STREET,10010,105,MANHATTAN,-73.991783142089844,40.742771148681641,Mechanical Systems,6/19/2020,,,,1,0,6/19/2020,6/19/2020,6/19/2020,,,,6/19/2020,6/19/2020,Alteration,"Modification to existing HVAC system as per plans filed herewith.  NO change in use, egress or occupancy. The boiler efficiencies are in percentage (%) but that is not an option in the dropdown.",No,,,986526.9154472698,209888.29137243552,BRUCE LILKER,"61 WEST 23 STREET, MANHATTAN",0,0,0,null,0,0,0
B00320785-P1_Boiler_Equipment,B00320785-P1,3107667,No,Pending CPE/ACPE Assignment,,574,SCHENECTADY AVENUE,11203,309,BROOKLYN,-73.934471130371094,40.659599304199219,Boiler Equipment,6/19/2020,,,,0,0,,,,,,,,,Alteration,"PROPOSE NEW INSTALLATION OF HOT WATER BOILER/ HEATER COMBINATION UNIT  AT BASEMENT LEVEL FILED IN CONJUNCTION WITH DOB. JOB NO. 320847759",No,,,1002430.9084715968,179593.00120298084,DAVID SILBERMAN,"574 SCHENECTADY AVENUE, BROOKLYN",0,0,0,null,0,0,0
M00335094-I1_Sprinklers,M00335094-I1,1003892,No,Pending CPE/ACPE Assignment,,27,ALLEN STREET,10002,103,MANHATTAN,-73.992576599121094,40.715770721435547,Sprinklers,6/19/2020,,,,0,0,,,,,,,,,Alteration,"TO FILE SPRINKLER WORK TYPE IN CONJUNCTION WITH ATL-1 APPLICATION JOB 123788419",No,,,986307.8798171076,200051.1748509949,YING LI,"27 ALLEN STREET, MANHATTAN",0,0,0,null,0,0,0
B00332693-I1_Plumbing,B00332693-I1,3198204,No,Pending CPE/ACPE Assignment,,1701,AVENUE U,11229,315,BROOKLYN,-73.954391479492188,40.599311828613281,Plumbing,6/19/2020,,,,0,0,,,,,,,,,Alteration,"INSTALL NEW SPRINKLER AND STANDPIPE SYSTEM IN NEW BUILDING IN CONJUNCTION WITH alt2 JOB#321971078.  NO CHANGE IN USE, EGRESS OR OCCUPANCY. THE SPRINKLER DESIGN IS BASED ON THE HYDRAULIC CALCULATION.",No,,,996915.4674326836,157625.15904213506,HO YIN LAW,"1701 AVENUE U, BROOKLYN",0,0,0,null,0,0,0
M00297679-P1_Sprinklers,M00297679-P1,1087978,Yes,Prof Cert QA Review,,640,8 AVENUE,10036,105,MANHATTAN,-73.989593505859375,40.756641387939453,Sprinklers,6/19/2020,,,,0,0,,,,,,,6/19/2020,6/19/2020,Alteration,"Installation of new sprinkler heads and related piping as shown on drawings filed herewith.  No change in use, egress or occupancy.",No,,,987133.0697341501,214941.73062035054,ARTHUR METZLER,"640 8 AVENUE, MANHATTAN",0,0,0,null,0,0,0
B00360690-I1_Sidewalk_Shed,B00360690-I1,3426365,Yes,Pending Prof Cert QA Assignment,,64,SCHOLES STREET,11206,301,BROOKLYN,-73.947380065917969,40.708179473876953,Sidewalk Shed,6/19/2020,,,,0,0,,,,,,,6/19/2020,,Alteration,"INSTALLATION OF TEMPORARY SIDEWALK SHED AS PER PLANS. NO CHANGE IN USE, EGRESS OR OCCUPANCY.",No,,,998838.7078955871,197289.74784096202,PAUL PERDEK,"64 SCHOLES STREET, BROOKLYN",0,0,0,null,0,0,0
M00297665-I1_Plumbing,M00297665-I1,1036083,No,Plan Examiner Review,,480,PARK AVENUE,10022,105,MANHATTAN,-73.970733642578125,40.762729644775391,Plumbing,6/19/2020,6/19/2020,6/19/2020,6/19/2020,0,0,,,,,,,,,Alteration,"REPLACEMENT OF PLUMBING FIXTURES AT APARTMENT #4D (4TH FLOOR).",No,,,992357.3639862416,217161.0649189624,JULIAN SAAVEDRA,"480 PARK AVENUE, MANHATTAN",0,0,0,null,0,0,0
B00327296-I1_Plumbing,B00327296-I1,3019529,Yes,Pending Prof Cert QA Assignment,,173,4 AVENUE,11217,306,BROOKLYN,-73.981941223144531,40.678470611572266,Plumbing,6/19/2020,,,,0,0,,,,,,,6/19/2020,,Alteration,"REMOVE THE EXISTING BATHROOM, EXISTING PLUMBING FIXTURE  AND  INSTALL NEW ADA BATHROOM INCLUDING NEW PLUMBING FIXTURE ON AN EXISTING STORE AS PER INDICATED ON PLAN, THERE WILL BE NO CHANGE  IN  USE, EGRESS OR OCCUPANCY.",No,,,989258.9696122004,186462.06943530447,MAHFUZAR RAHMAN,"173 4 AVENUE, BROOKLYN",0,0,0,null,0,0,0
M00337232-I1_Plumbing,M00337232-I1,1046005,No,Pending CPE/ACPE Assignment,,402,EAST 78 STREET,10075,108,MANHATTAN,-73.952857971191406,40.771259307861328,Plumbing,6/19/2020,,,,0,0,,,,,,,,,Alteration,"HEREWITH FILE TO RENOVATE EXISTING JAPANESE RESTAURANT. WORK INCLUDES PLUMBING AND GENERAL CONSTRUCTION. NO CHANGE IN USE, EGRESS, AND OCCUPANCY",No,,,997307.6082212263,220270.86293045236,INHWAN CHANG,"402 EAST 78 STREET, MANHATTAN",0,0,0,null,0,0,0
B00356092-I1_Structural,B00356092-I1,3428619,No,Pending CPE/ACPE Assignment,,175,PALMETTO STREET,11221,304,BROOKLYN,-73.916526794433594,40.693950653076172,Structural,6/19/2020,,,,0,0,,,,,,,,,Alteration,"Structural work filed in conjunction with new building 321597759",No,,,1007397.6162363989,192112.4117262253,VACHAGAN GRIGORYAN,"175 PALMETTO STREET, BROOKLYN",0,0,0,null,0,0,0
M00322085-I1_Supported_Scaffold,M00322085-I1,1022678,Yes,Pending Prof Cert QA Assignment,,1211,6 AVENUE,10036,105,MANHATTAN,-73.982398986816406,40.758659362792969,Supported Scaffold,6/19/2020,,,,0,0,,,,,,,6/19/2020,,Alteration,"INSTALLATION OF PIPE SCAFFOLD AS PER PLANS. NO CHANGE IN USE, EGRESS OR OCCUPANCY.",No,,,989126.1292869381,215677.26331106114,PAUL PERDEK,"1211 6 AVENUE, MANHATTAN",0,0,0,null,0,0,0
B00345662-I1_Construction_Fence,B00345662-I1,3060936,No,Pending CPE/ACPE Assignment,,306,PENN STREET,11211,301,BROOKLYN,-73.952400207519531,40.705730438232422,Construction Fence,6/19/2020,,,,0,0,,,,,,,,,Alteration,"Installation of a temporary construction fence filed in conjunction with Alt. I job # 322040260",No,,,997447.3747347416,196396.69446477297,PETER PIZZIMENTI,"306 PENN STREET, BROOKLYN",0,0,0,null,0,0,0
M00343378-I1_Mechanical_Systems,M00343378-I1,1022614,Yes,Prof Cert QA Review,,125,WEST 43 STREET,10036,105,MANHATTAN,-73.984619140625,40.756191253662109,Mechanical Systems,6/19/2020,,,,0,0,,,,,,,6/19/2020,6/19/2020,Alteration,"MECHANICAL WORK IN CONJUNCTION WITH CONSTRUCTION OF ELEVATOR BULKHEAD ON ROOF AS SHOWN ON PLANS FILED HEREWITH. NO CHANGE IN USE, EGRESS, OR OCCUPANCY.",No,,,988511.2227605776,214777.934902644,MICHAEL TORTORELLA,"125 WEST 43 STREET, MANHATTAN",0,0,0,null,0,0,0
B00349477-I1_Mechanical_Systems,B00349477-I1,3398156,Yes,Approved,,620,ATLANTIC AVENUE,11217,302,BROOKLYN,-73.975410461425781,40.68267822265625,Mechanical Systems,6/19/2020,,,,0,0,,,,6/19/2020,,,6/19/2020,6/19/2020,Alteration,"(NSWAG) Modification to existing mechanical system in existing retail space as per plans.",No,,,991069.9790454512,187995.46445797203,LOUIS LEE,"620 ATLANTIC AVENUE, BROOKLYN",0,0,0,null,0,0,0
M00337040-I1_Construction_Fence,M00337040-I1,1046005,No,Pending CPE/ACPE Assignment,,402,EAST 78 STREET,10075,108,MANHATTAN,-73.952857971191406,40.771259307861328,Construction Fence,6/19/2020,,,,0,0,,,,,,,,,Alteration,"HEREWITH FILE TO INSTALL TEMPORARY CONSTRUCTION FENCE FOR RESTAURANT ALTERATION. NO CHANGE IN USE, EGRESS, AND OCCUPANCY",No,,,997307.6082212263,220270.86293045236,INHWAN CHANG,"402 EAST 78 STREET, MANHATTAN",0,0,0,null,0,0,0
B00336591-I1_Structural,B00336591-I1,3428620,No,Pending CPE/ACPE Assignment,,177,PALMETTO STREET,11221,304,BROOKLYN,-73.916778564453125,40.694038391113281,Structural,6/19/2020,,,,0,0,,,,,,,,,Alteration,"Structural work filed in conjunction with new building 321595617",No,,,1007327.768565236,192144.31083349322,VACHAGAN GRIGORYAN,"177 PALMETTO STREET, BROOKLYN",0,0,0,null,0,0,0
M00348786-I1_Mechanical_Systems,M00348786-I1,1008952,Yes,Approved,,770,BROADWAY,10003,102,MANHATTAN,-73.991508483886719,40.730598449707031,Mechanical Systems,6/19/2020,,,,0,0,,,,6/19/2020,,,6/19/2020,6/19/2020,Alteration,"Mechanical systems alterations on the 6th & 9th floors; related work as per plans.",No,,,986603.4539523171,205453.400622001,CHARLES COPELAND,"770 BROADWAY, MANHATTAN",0,0,0,null,0,0,0
B00349484-I1_Sprinklers,B00349484-I1,3398156,Yes,Pending Prof Cert QA Assignment,,620,ATLANTIC AVENUE,11217,302,BROOKLYN,-73.975410461425781,40.68267822265625,Sprinklers,6/19/2020,,,,0,0,,,,,,,6/19/2020,,Alteration,"(NSWAG) Modification to existing sprinkler system in existing retail space as per plans.",No,,,991069.9790454512,187995.46445797203,LOUIS LEE,"620 ATLANTIC AVENUE, BROOKLYN",0,0,0,null,0,0,0
M00359934-I1_Supported_Scaffold,M00359934-I1,1015475,Yes,Approved,,142,5 AVENUE,10011,105,MANHATTAN,-73.99176025390625,40.73944091796875,Supported Scaffold,6/19/2020,,,,0,0,,,,6/19/2020,,,6/19/2020,6/19/2020,Alteration,"INSTALLATION OF PIPE SCAFFOLDING AS PER PLANS",No,,,986533.3719587945,208674.9831764595,RAFI HAMID,"142 5 AVENUE, MANHATTAN",0,0,0,null,0,0,0
B00336823-I1_Plumbing,B00336823-I1,3122452,No,Pending CPE/ACPE Assignment,,13,EAST 4 STREET,11218,307,BROOKLYN,-73.977882385253906,40.652359008789063,Plumbing,6/19/2020,,,,0,0,,,,,,,,,Alteration,"RELOCATION OF BATHROOM AND KITCHEN AT FIRST FLOOR. RELOCATION OF BATHROOM AND NEW BATHROOM TO BE PROVIDED AT SECOND FLOOR",No,,,990387.172963353,176949.13488053286,JOHN HATHEWAY,"13 EAST 4 STREET, BROOKLYN",0,0,0,null,0,0,0
M00348719-I1_Sprinklers,M00348719-I1,1013540,Yes,Pending Prof Cert QA Assignment,,368,9 AVENUE,10001,104,MANHATTAN,-73.997329711914062,40.751091003417969,Sprinklers,6/19/2020,,,,0,0,,,,,,,6/19/2020,,Alteration,"Filing here drawings indicating modification to the existing sprinkler system - removal of sprinkler heads and installation of temp loop. No change in use, egress, or occupancy under this application.",No,,,984989.85226625,212919.38563204792,MICHAEL GERAZOUNIS,"368 9 AVENUE, MANHATTAN",0,0,0,null,0,0,0
B00359164-I1_Supported_Scaffold,B00359164-I1,3117644,Yes,Pending Prof Cert QA Assignment,,2109,REGENT PLACE,11226,314,BROOKLYN,-73.958908081054687,40.646469116210937,Supported Scaffold,6/19/2020,,,,0,0,,,,,,,6/19/2020,,Alteration,"INSTALLATION OF TEMPORARY PIPE SCAFFOLD AS PER PLANS. NO CHANGE IN USE, EGRESS OR OCCUPANCY.",No,,,995653.1496756563,174805.184763649,PAUL PERDEK,"2109 REGENT PLACE, BROOKLYN",0,0,0,null,0,0,0
M00356326-I1_Sidewalk_Shed,M00356326-I1,1060091,Yes,Prof Cert QA Review,,625,LENOX AVENUE,10037,110,MANHATTAN,-73.938308715820313,40.818271636962891,Sidewalk Shed,6/19/2020,,,,0,0,,,,,,,6/19/2020,6/19/2020,Alteration,"INSTALLATION OF HEAVYDUTY SIDEWALK SHED AS PER PLANS.  NO CHANGE IN USE OCCUPANCY OR EGRESS UNDER THIS APPLICATION.  SIDEWALK SHED SHALL COMPLY WITH CHAPTER 33 OF THE 2014 NYC BUILDING CODE.",No,,,1001325.462182393,237401.58381043983,ERIC FOSTER,"625 LENOX AVENUE, MANHATTAN",0,0,0,null,0,0,0
B00327541-I1_Plumbing,B00327541-I1,3119640,Yes,Approved,,1165,FLATBUSH AVENUE,11226,314,BROOKLYN,-73.956550598144531,40.641780853271484,Plumbing,6/19/2020,,,,0,0,,,,6/19/2020,,,6/19/2020,6/19/2020,Alteration,"INSTALLATION OF PEDICURE CHAIRS, HAND SINK AND WATER HEATER AND BACK FLOW ASSEMBLY AS PER PLANS.",No,,,996308.2065090957,173097.43848711878,LOUIS ARENA,"1165 FLATBUSH AVENUE, BROOKLYN",0,0,0,null,0,0,0
M00347078-I1_Structural,M00347078-I1,1022614,Yes,Approved,,125,WEST 43 STREET,10036,105,MANHATTAN,-73.984619140625,40.756191253662109,Structural,6/19/2020,,,,0,0,,,,6/19/2020,,,6/19/2020,6/19/2020,Alteration,"STRUCTURAL WORK IN CONJUNCTION WITH REPLACEMENT OF ELEVATOR BULKHEAD ON ROOF. WORK TO INCLUDE ELEVATOR PIT IN CELLAR AND DOORS/SILLS IN ELEVATOR SHAFTWAY. NO CHANGE IN USE, EGRESS, OR OCCUPANCY.",No,,,988511.2227605776,214777.934902644,FORTUNATO ORLANDO,"125 WEST 43 STREET, MANHATTAN",0,0,0,null,0,0,0
B00212679-P2_Sprinklers,B00212679-P2,3426694,No,Pending CPE/ACPE Assignment,,269,4 AVENUE,11215,306,BROOKLYN,-73.984062194824219,40.675350189208984,Sprinklers,6/19/2020,,,,0,0,,,,,,,,,Alteration,"PROPOSE TO INSTALL NEW SPRINKLER HEADS AND PLUMBING FIXTURES FOR CELLAR, 1ST THROUGH 3RD FLOORS IN CONJUNCTION WITH NB APPLICATION #320596805",No,,,988670.8817652011,185325.09590482342,LIANGKAI XIA,"269 4 AVENUE, BROOKLYN",0,0,0,null,0,0,0
M00357620-I1_Sidewalk_Shed,M00357620-I1,1008807,Yes,Permit Entire,,21,ASTOR PLACE,10003,102,MANHATTAN,-73.991798400878906,40.730121612548828,Sidewalk Shed,6/19/2020,,,,0,0,,,,6/19/2020,6/19/2020,,6/19/2020,6/19/2020,Alteration,"INSTALLATION OF TEMPORARY HEAVY DUTY SIDEWALK SHED AS PER PLANS. NO CHANGE IN USE, EGRESS OR OCCUPANCY. SIDEWALK SHED SHALL COMPLY WITH CHAPTER #33 OF THE NYC BUILDING CODE. LIVE LOAD 300PSF.",No,,4/1/2021,986523.1186907557,205279.6663081364,BRIAN O'CONNOR,"21 ASTOR PLACE, MANHATTAN",0,0,0,null,0,0,0
B00259527-P1_Plumbing,B00259527-P1,3205904,Yes,Pending Prof Cert QA Assignment,,1570,FLATBUSH AVENUE,11210,314,BROOKLYN,-73.947418212890625,40.632320404052734,Plumbing,6/19/2020,,,,0,0,,,,,,,6/19/2020,,A